number,title,description,emails
1,West Capital Group,Инвестиционная компания,"['last@westendcapitalgroup.com', 'Client_Operations@capgroup.com', 'CapitalGroup_UKSales@capitalgroup.com', 'support@example.com', 'larry@westonemortgage.com']"
2,Иммобилиаре Зиновьева,"Рекламное агентство, Агентство недвижимости","['dandybyh@gmail.com', 'iraida.condrea@gmail.com']"
3,Премьер Аэро,"Аренда и заказ самолетов, вертолетов","['charter@rusline.aero', 'to@rusline.aero', 'sales@premieravia.ru', 'sales@premier-aero.com', 'call@azurair.ru', 'office@premier-aero.ru']"
4,Салон Цветов,Доставка цветов и букетов,"['zakaz@cvetov.ru', 'emotions@emotions.ru', 'shop@salonflowers.ru', 'admin@buket-dzr.ru', 'partnership-berezhnoflowers@yandex.ru', '777flowers@bk.ru', 'info@orange-flower.ru']"
5,Юридическая компания Кодекс,Юридические услуги,"['info@kodeks25.ru', 'codex-law@mail.ru', 'kodeks08@narod.ru', 'info@codexspb.ru', 'kodeks_5@mail.ru', 'info@codexmsk.ru']"
6,Artofad,"Рекламное агентство, Рекламная продукция",['TheArtOfAd@gmail.com']
7,Business & Asset Exchange,Продажа готового бизнеса и франшиз,['info@ax1031.com']
8,City Lawyers Group,Управление недвижимостью,"['lrs@nycbar.org', 'juniorlawyers@lawsociety.org.uk', 'virginia.ralfe@city-lawyers.com', 'communitysupport@calcities.org']"
9,Diamond Group,Бизнес-консалтинг,"['jane@diamond-group.co', 'last@diamondfoam.com', 'manager.diamondgroup@gmail.com', 'JohnSmith@diamond-group.com']"
10,Elshan Transportation,Автомобильные грузоперевозки,"['elshan.shukurlu@gmail.com', 'elshan@elshan.ru', 'xx@phihelico.com']"
11,Estet Service,Строительные и отделочные работы,"['EstateServicesAdmin@exeter.ac.uk', 'esdk-lite@mail.ru', 'campusservices@exeter.ac', 'info@estet.ru', 'estetik@inbox.ru', 'info@okna-lux24.ru']"
12,Golden Hills - КапиталЪ,Инвестиционная компания,['tsureshraju@gmail.com']
13,InCarNet,Интернет-провайдер,"['info@incarnet.ru', 'jane@incarnet.com', 'info@incarnet.com']"
14,Intourist,"Турфирма, Бронирование гостиниц","['turfirma@spb.ntk-intourist.ru.Contact', 'franch@intourist.ru', 'bron@intourist-kolomenskoe.ru', 'report.ntk@intourist.ru', 'Ekaterina.Shiryaeva@intourist.ru', 'sales@ntk-intourist.ru', 'sales@chel.ntk-intourist.ru', 'guest@intourist-kolomenskoe.ru', 'booking@yaltaintourist.ru', 'welcome@intourist.ru', 'Vitaliy.Yushkin@intourist.ru']"
15,Key 2 Hedge,Инвестиционная компания,['last_initial@turnkeyhedgefunds.com']
16,Little Black Shoe,"Магазин одежды, Магазин обуви","['hello@ally.nyc', 'help@schuh.co.uk']"
17,Mcity,Элитная недвижимость,"['Customerservice.MC@stichd.com', 'sales@mcity.ru', 'mcity@kx.com.au', 'shop@mancity.com', 'm1customercare@urbancapital.ca', 'jbirt@m-city.com.au', 'info@mcity.moscow']"
18,Office Tower,Агентство недвижимости,"['theplaza.enquiry@plazaindonesia.com', 'adeline.cheong@capitaland.com', 'workstyles@gaysorngroup.com.THE', 'alex.kazgbc@gmail.Al', 'JGraae@oxfordproperties.com', 'jirayus.b@gmail.com']"
19,Offshore Services Group,Юридические услуги,"['last@haluloffshore.com', 'hello@offshore.services', 'vika@korabel.ru']"
20,Plus 1 Hotel,Гостиница,['gazpromcup@gmail.com']
21,Public TV,Телекоммуникационная компания,"['email@dptv.org', 'mail@public.tv.Public', 'info@writemenmedia.com', 'email@screentime.org', 'Digital@writemenmedia.com']"
22,Resthouse,"Жилье посуточно, Агентство недвижимости","['info@resthouse.com.au.Resthouse', 'kheisresthouse@gmail.com', 'info@resthouse.com.au', 'resthouse@bk.ru', 'pwdbldgsdn@gmail.com', 'info@resthouse-tyr.com.lb']"
23,Road to Results,"Учебный центр, Тренинги",[]
24,Seei,"Интернет-магазин, Магазин цветов, Студия дизайна",[]
25,Sibir Group,"Бизнес-консалтинг, Оценочная компания","['info@sibirgroup.ch', 'info@sibgr.ru', 'sibirpromo@mail.ru', 'jane.doe@asg.ru', 'megapolis-music@mail.ru']"
26,Solonseo,"Маркетинговые услуги, Интернет-маркетинг","['corp@zoon.ru', 'info@solonseo.ru']"
27,"The Plaksin Law Firm, P.C.",Помощь в оформлении виз и загранпаспортов,"['ap@plaksinlaw.com.Member', 'JS@plaksinlaw.com']"
28,Wens Global Services,Логистическая компания,"['ServicesSanjay.Puria@wns.comTel', 'info@wens.global', 'nakhodka@wens.global']"
29,Адвокатское бюро НСН Альянс,"Юридические услуги, Адвокаты","['6488801@mail.ru', 'advokat@prigovoru.net']"
30,Адвокатское бюро Прайм Эдвайс,Адвокаты,"['pr@hlbprime.com', 'law@hlbprime.com', 'oficce@hlbprime.com', 'pravo9706680@gmail.com']"
31,АйТим,Продажа и аренда коммерческой недвижимости,"['hosting@iteam.net.ru', 'info@iteam.ru', 'support@iteam.net.ru', 'msk@iteam-pro.ru', 'info@iteam.net.ru']"
32,Анаден Тур,"Турфирма, Деловой туризм","['mouanwya@gmail.com', 'hortbot@gmail.com']"
33,Бад,Ассоциации и промышленные союзы,[]
34,Бизнес Импрувмент Солюшенс,Бизнес-консалтинг,['mail@bp-solutions.ru']
35,Бюро переводов Золотая лань,Бюро переводов,"['LEMA80@LIST.RU', 'zakaz@favorit-lingua.ru']"
36,ВегаСтройТорг,Промышленное строительство,[]
37,ГарантСпецТехника,"Земляные работы, Снос зданий, аренда техники","['info@g-s-t.ru', 'globalmedia200@yandex.ru', '.rabota@gmail.com', 'info@gsst-spb.ru', 'Ros-garant@yandex.ru']"
38,Группа Матрица Интернейшнл,Колл-центр,"['notarius6463124@mail.ru', 'a.leontev@mtrx.hk', 'NOTARIUS6463124@MAIL.RU']"
39,Диагностические системы,"Медицинское оборудование, медтехника","['andmoses@gmail.com', 'mdnt@mdnt.ru', 'ooo-dias@yandex.ru', 'info@spb-npods.ru', 'info@npods.ru', 'rse@npods.ru', 'selling@npods.ru', 'mezhlumyanarmen@gmail.com', 'ds-stolica@bk.ru']"
40,Дизайн студия интерьеров Инстатус,Строительные и отделочные работы,"['info@decotrend.ru', 'taranova_la@in-status.ru', 'info@moscow-city.online']"
41,Е3 investment,Агентство недвижимости,"['arenda@garant-invest.ru', 'info@e3modelling.com', 'info@investkuzbass.ru', 'info@e3gr.ru', 'zameconom@kemerovo.ru']"
42,Знич,Детские товары оптом,['sales@formygirl.ru']
43,ИК Финансовый союз,Инвестиционная компания,"['volgacapital.malinen@sross.ru', 'corp.clients@cifra-broker.ru', 'ik@ricom.ru']"
44,Интернет агентство Jc,Интернет-маркетинг,['vita@japancar.ru']
45,Квэста Консалтинг,"Юридические услуги, Адвокаты",['vardanorbeli@gmail.com']
46,Компания Абакан Эир,Лизинговая компания,"['office@abakanair.ru', 'sop@abakanair.ru']"
47,Компания Экзитерра,"Интернет-маркетинг, Студия веб-дизайна","['info@exiterra.ru', 'info@mail.i-media.ru']"
48,Консалтинговая компания Gantbpm,"Аутсорсинг, Бизнес-консалтинг","['corp@zoon.ru', 'press@asconco.ru', 'info@gantbpm.ru']"
49,Курорты Северного Кавказа,Строительная компания,"['texnosales@rambler.ru', '775-22-03inf@aotrf.ru']"
50,Курсы иностранных языков English Office,Курсы иностранных языков,['englishprokids@gmail.com']
51,ЛайтХаус,Строительство дачных домов и коттеджей,"['info@cfa.digital', '1@lhestate.ru', 'lighthouse-lermontovo@mail.ru']"
52,Лингво Сервис,"Нотариусы, Бюро переводов","['novoslobodskaya@lingvoservice.ru', 'sviblovo@lingvoservice.ru', 'polezhaevskaya@lingvoservice.ru', 'prmira@lingvoservice.ru', 'lublino@lingvoservice.ru', 'pk@lingvoservice.ru', 'okt@lingvoservice.ru', 'novie-cheremushki@lingvoservice.ru', 'ligovsky@lingvoservice.ru']"
53,Манули Стретч,Тара и упаковочные материалы,"['customercare@manupackaging.com', 'jaroslaw.kuder@manuliekobal.pl', 'ABC@Packing.NameManuli', 'ABC@Packing.NameMANUPACKAGING', 'i@gmail.com', 'administration@manupackaging.com']"
54,Модельное агентство Get Models,"Праздничное агентство, Рекламное агентство","['info@evamodel.ru', 'director@queensmodels.ru', 'info@getmodels.ru']"
55,МОЦ Экскурсии в Москва-Сити,Продажа и аренда коммерческой недвижимости,"['moscomtour@mos.ru', 'msc-sirius@mos.ru', 'evprobox@gmail.com']"
56,МЦПБ Точка Опоры,Юридические услуги,[]
57,Квэста Консалтинг,"Юридические услуги, Адвокаты",['vardanorbeli@gmail.com']
58,Найдем адвоката,"Юридические услуги, Адвокаты","['info@advokat-kryuk.ru', 'info@ludiprava.ru', 'avocadohelp2020@gmail.com', '2211107@mmka.info']"
59,Нафта консалтинг,"Нефтегазовая компания, Бизнес-консалтинг","['info@vneshaudit.ru', 'upanfilova@nafta-c.ru', 'PR@sbs-consulting.ru', 'info@sbs-consulting.ru']"
60,Нотариус Ралько В.В.,Нотариусы,"['notarius@ralko.ru', 'inbox@notarius-ralko.ru']"
61,Easy10,Студия веб-дизайна,[]
62,Gt Project,Электромонтажные работы,"['oms-advising@cc.gatech.edu', 'info@projecteducation.net']"
63,Jti,Табачная продукция оптом,"['onebehavior@jti.com', 'info@aebrus.ru', 'USA.CorporateCommunicationsUSA@jti.com', 'gazeta@dp.ru', 'jane.doe@jti.com']"
64,City-Web,"Программное обеспечение, Студия веб-дизайна",[]
65,MC Traders,"Мебель на заказ, Окна, Двери","['h7149-fb5@accor.com', 'barcelona@mctrading.es.MC', 'H7149-AM@accor.com', 'aakash.malhotra@infomerics.com', 'lauren@plb2.co.za']"
66,Paritet China Express,Автомобильные грузоперевозки,[]
67,ГМК Норильский никель,Металлургическое предприятие,"['Podbor_Sputnik@nornik.ru', 'nord@nornik.ru', 'ir@nornik.ru', 'isyanovams@rosmintrud.ru', 'borzenkovayua@nk.nornik', 'mintrud@rosmintrud.ru', 'pr@nornik.ru', 'nmi@nornickel.net', 'PetrasEO@nornik.ru', 'DudkinSV@nornik.ru']"
68,Дж.Т.И. Россия,Табачная продукция оптом,"['eugene.gamov@jti.com', 'info@aebrus.ru', 'hr_application@jti.com', 'kristina.karueva@jti.com', 'irina.timoshenko@jti.com', 'anna.mikhaylova@jti.com', 'Farid.Seidov@jti.com', 'elena.efimova@jti.com', 'russia.press.office@jti.com', 'Elena.Lidmets@jti.com']"
69,ЕвроПрофиСтрой,Строительная компания,[]
70,НорметИмпэкс,"Цветные металлы, Металлопрокат","['nasybullovrf@nornik.ru', 'dc1@e-disclosure.ru']"
71,Русмед,Товары для инвалидов,"['info@rmt52.ru', 'rusmed38@mail.ru', 'info@napopravku.ru', 'help@medrocket.ru', 'rusmed.info@yandex.ru', '1@dentalroom.me', 'rusmed2004@mail.ru']"
72,AirCinema,"Аэрофотосъемка, Видеосъемка","['info@navarinoagora.gr', 'orders@thelunacinema.com', 'bond@uponangels.com', 'info@aircin.ru', 'administracion@fiaelyelmo.com']"
73,AMG Russia,"Рекламное агентство, PR-агентство","['sales@blitztuning.ru', 'grundfos.moscow@grundfos.com']"
74,Atdigital,"Студия веб-дизайна, Интернет-маркетинг","['jane@atdigital.lk', 'careers@atdigital.io', 'hello@atdigital.io', 'info@at-digital.ru']"
75,Avtozvonok.com,Колл-центр,[]
76,Bcgroup,"Колл-центр, Маркетинговые услуги","['last_initial@bcgroup-inc.com', 'mail@bcgroup-research.ru', 'sales@bcgroupintl.com', 'prodaja@bcgroup.rs.How', 'enquiries@bcgroup.co.nz', 'mail@bcgroup.su', 'info@bcgroup-inc.com']"
77,Call-center Trubka24,Колл-центр,[]
78,Car Service Moscow,"Такси, Заказ автомобилей","['reservation@mymoscowtaxi.com', 'stoa@sac.ru', 'info@bslimousine.com', '1027870@mail.ruChauffeur']"
79,Cargo Company LLC,Автомобильные грузоперевозки,"['allroundcargo1@gmail.com', 'last@cargofe.com', 'simakcargocompany@gmail.com', 'Allroundcargo1@gmail.com', 'jane@searouteshipping.ae', 'info@simakcargo.net', 'JSmith@cargos.com']"
80,Ceo-english.ru,Курсы иностранных языков,['gubanov@ceo-english.ru']
81,CinemaNight,Антикафе,"['dreamcinemanight@gmail.com', 'pro@team.culture.ru', 'info@cinemaxbantry.ie']"
82,CitiStreet,Продажа и аренда коммерческой недвижимости,['carolyn.bandel@ipe.com']
83,ClickMedia,Интернет-маркетинг,"['first@clickmedia.com.au', 'info@clickmedia.by', 'pavel.l@clickmedia.by']"
84,Coffeeport,Кофейня,"['help@coffeeport.ru', 'contactshelp@coffeeport.ru']"
85,Commercial real estate Moscow City,Продажа и аренда коммерческой недвижимости,"['moscow@reapple.ru', 'request@moscowestates.com', 'commer...contacto@mail.com']"
86,Company8448,"Юридические услуги, Оценочная компания","['don.grimshaw@witt.co.uk', 'R.McKay@deerparklumber.com']"
87,Digital agency MixPlus,"Интернет-маркетинг, Студия веб-дизайна",['hr@mixdigital.vn']
88,Diplomred.ru,Услуги репетиторов,['online@ruspravochnik.com']
89,Drink up,Алкогольная продукция оптом,"['sports@jewishlinkbc.com', 'drinkup-eco@yandex.ru', 'advice@ker.com']"
90,DroneMag,Видеосъемка,"['info@gemsystems.ca', 'adam.kroll@airgeox.com', 'contact@dronemag.ro', 'info@gemsys.ca']"
91,E-Softgroup,"Аутсорсинг, Программное обеспечение","['office@softgroup.eu', 'mossambo@mail.ru.Contact', 'info@softgroup.tj', 'softgroup@yandex.ru', 'info@soft-group.com']"
92,Education House,"Курсы иностранных языков, Обучение за рубежом","['info@EducationHouse.com.my', 'carolyn.hughes@mail.house.gov', 'kelburnflats@vuw.ac.nz', 'information@sussex.ac.uk']"
93,Elmi Production,Продюсерский центр,"['detstom1@mail.ru', 'info@elmi-tech.com', 'diamiglobalexport@gmail.com.ELMI', 'e@gmail.com', 'info@elminorthamerica.com']"
94,FriendsEvents.ru,Праздничное агентство,"['buchung@wirmobil-berlin.de', 'hi@friendsevents.ru', 'delivery@bushe.ru']"
95,Fruit Of Design,Студия дизайна,"['orignalfruitbydesign@gmail.com', 'info@fruitfamily.eu', 'studio@freshfruitdesign.com']"
96,Hermes capital management,Инвестиционная компания,"['marketing@hermes-investment.com', 'John.Smith@hermes-investment.com', 'last@hermes-investment.com', 'jane.doe@hermes-investment.com', 'office@hermesmanagement.com.Contact', 'info@hermesmanagement.com']"
97,Iconface,Обучение мастеров для салонов красоты,"['corp@zoon.ru', 'info@iconface.ru']"
98,IFK Renekan,"Инвестиционная компания, Микрофинансирование",[]
99,IT For You,"Системная интеграция, IT-компания, Программное обеспечение",['sale@itfyou.com']
100,Jethunter,Авиакомпания,"['adaritshev@gmail.com', 'info@jethunter.net']"
101,Jovyatlas,Аккумуляторы и зарядные устройства,"['info@rkmte.ru', 'order@uni-jet.com', 'service@jovyatlas.de', 'jane.doe@euroatlas.de', 'info@jovyatlas.de', 'nicole.ley@jovyatlas.de', 'info@delter.ru']"
102,Lee Group Real Estate,Агентство недвижимости,"['susie.lee@compass.com', 'carol.lee@compass.com', 'leerealtyinfo@gmail.com', 'lee@leeandpete.com']"
103,LuckyOne Personal,Кадровое агентство,"['info@luckyone.com.pk.Website', 'info@onederland.com.pk']"
104,LuxBeats,"Звуковое и световое оборудование, Интернет-магазин","['superstaarbeats@gmail.com', 'lux778era.win778@gmail.com', 'soporte@luxbeat.mx']"
105,Maison Des Fleurs,"Доставка цветов и букетов, Магазин цветов","['mail@maisondesfleurslb.com', 'info@maisondesfleurs.boutique.Find', 'info@maisondesfleurs.boutique']"
106,Martlet,"Благотворительный фонд, Инвестиционная компания","['info@martletpartnership.com', 'info@martlet.group.AboutThe', 'business@martlet.ca', 'info@martlet.by', 'edit@martlet.ca']"
107,Mice Group,Организация конференций и семинаров,"['info@micegroup.ru', 'info@micegroups.com', 'jane@micegroups.com']"
108,Mobile bar CH.M,"Кейтеринг, Праздничное агентство","['mobilebarchm@yandex.ru', 'makssis@list.ru', 'ivan@alloy.ru']"
109,MoscowCityReally,Агентство недвижимости,"['pr@mvd.gov.ru', 'Alexander.Ezhov@moex.com.The', 'e.a.abrosimova.mgimo@mail.ruAddress']"
110,Movetex LLC,"Транспортеры и конвейеры, Подъемное оборудование",['anna@movetex.es']
111,Nikson Studio,Видеосъемка,"['info@niksonco.com.Contact', 'nixonstudioproductions@gmail.com', 'info@nicksonliving.com', 'studio@marknixon.com']"
112,Office Production,Продажа и аренда коммерческой недвижимости,['production@cdm.depaul.How']
113,PlusMinus Consulting,"Бухгалтерские услуги, Юридические услуги",['info@plusminusconsulting.com']
114,Portal Group,Строительная компания,"['gazeta@dp.ru', 'universalsystem2014@gmail.com', 'jane.doe@theportalgrp.com']"
115,Prime Star,Быстрое питание,"['prime-star.rupersonal@prime-star.ru', 'a.sayapin@prime-star.ru', 'dostavka@prime-star.ru', '911@prime-star.ru', 'sgalahova@prime-star.ru', 'office@prime-star.ru', 'sayapin@prime-star.ru']"
116,PRK Home,Агентство недвижимости,"['headoffice@blackswan.co.uk', 'info@iphas.co.uk', 'bjdoick@btinternet.com', 'info@cedarcarehomes.com', 'office@parkhousecarehomemk.co.uk', 'info@grovelandpark.co.uk']"
117,Prozakaz,"Бизнес-консалтинг, Адвокаты, Юридические услуги","['info@prozakaz.com', 'zakaz@boxsand.ru', 'contactprozakaz@mail.ru', 'prozakaz@mail.ru']"
118,Raven Estate,Агентство недвижимости,"['info@ravenestates.co.uk', 'theraventeam@c21affiliated.com']"
119,RealItaly,Агентство недвижимости,"['info@realitalia.co', 'rypec@pec.it', 'info.realitaly@gmail.com', 'info@realitaly.eu', 'info@realitalytravel.com', 'naouel@spotontoscana.com']"
120,RichMind Group,"Бизнес-школа, Тренинги","['Supporthome@richmondgrouphome.com.Richmond', 'info@richgroupusa.com', 'info@richmondgroupinvest.com', 'last_initial@richgroupusa.com', 'info@richgroupusa.com.The', 'JSmith@therichmondgroup.com']"
121,Blaсkwood,Агентство недвижимости,"['last@blackwoodcapital.com', 'paul.gray@theblackwoodgc.com', 'contactholmember@parliament.uk', 'blackwoodmsk@mail.ru.EmailBlackwood', 'cst@blackwoodgroup.org.uk']"
122,Elos Club,Сеть центров элос-процедур,"['apparat.med@yandex.ru', 'radastudiomoscow@gmail.com', 'krasota@mkcgalateya.ru', 'elosclub@gmail.com.Elos', 'mail@elosclub.ru', 'straus.salon@gmail.com', 'elosclub@gmail.com', 'in@beautime.ru']"
123,Munich Re Group,Мюнхенское Перестраховочное Общество,"['shareholder@munichre.com', 'quotesie@munichre.com', 'uklife@munichre.com', 'mranise@munichre.com', 'JSmith@munichre.com', 'jdoe@munichre.com', 'doe@munichre.com']"
124,Sollers,Торгово-производственная компания,"['resume-uaz@sollers-auto.com', 'ABulatov@fcirkutsk.ru', 'razvitie@sollers-auto.com', 'info@sollers-auto.com', 'NTeterin@mercedes-irk.ru']"
125,World Class,Сеть центров фитнеса,"['info@worldclass-kgd.ru', 'hr@wclass.ru', 'jane@theworldclass.qa']"
126,Битца-Инвест,Финансовая компания,"['investment@banki.ru', 'info@bitza.ru']"
127,КБ ЛОКО-Банк,Филиал в г. Москве,"['pr@lockobank.ru', 'info@lockobank.ru', 'EGorozhanina@lockobank.ru']"
128,Райффайзенбанк,Банк,"['PrivateBanking@raiffeisen.ru', 'Private_Line@raiffeisen.ru', 'info_company@raiffeisen.ru', 'info@raiffeisen.ru']"
129,Фабрикант.ру,Межотраслевая торговая система,"['pr@fabrikant.ru', 'auditors@etpz.ru', 'auditors@fabrikant.ru', 'info@fabrikant.ru', 'info@etpz.ru']"
130,B2 travel,Яхтенная школа,['sales@b2travelgroup.com']
131,BRF,Торговая компания,"['leticia.vaccaro@brf.com', 'jane.doe@brf-br.com', 'marketingandcommunications@brf.org.uk', 'YOURID@brf.com.FAQ', 'enquiries@brf.org.uk']"
132,Coffeeport,Экспресс-кофейня,"['help@coffeeport.ru', 'contactshelp@coffeeport.ru']"
133,EASTWARD Capital,Инвестиционная компания,['contacts@eastwardcp.com']
134,Lingvo-room,Бюро переводов,"['hr@newlinetechnologies.net', 'lingvo.studio@gmail.com']"
135,Lowell Finance,Агентство зарубежной недвижимости,"['last@lowell.co.uk', 'dpo@lowellgroup.co.uk', 'post@lowellgroup.co.uk', 'post@lowellgroup.co.uk.The', 'customerservice.fi@lowell.com']"
136,N trans,Транспортная компания,"['info@ntransgroup.ru', 'office@n-trans.kz', 'n.translab@gmail.com', 'contragentsbuh@n-trans.su', 'buh@n-trans.su', 'operations@ntranslogistics.com']"
137,Terra dell Uomo,Салон красоты и SPA,"['dellaterraedelluomo@gmail.com', 'proloco@terradelsole.org', 'salon@terradelluomo.ru', 'proloco.terradelsole@pec.terradelsole', 'prenotazioni@visitmnu.it']"
138,ВетПро,Сеть ветеринарных центров,"['ella.rankin@vetprorecruitment.co.uk', 'info@vetpro.co.uk', 'vetdok@list.ru', 'vetpro@bk.ru', 'info@vetprorecruitment.co.uk.Complaints']"
139,Восток,Инвестиционная компания,"['info.surgut@yritz.ru', 'vostok-clock@mail.ru', 'ramenskoye@vostok.ru', 'filials@vostok.ru', 'reception@grand-vostok.ru', 'td@vostok.ru', 'magazin@vostok.ru', 'ekhorev@vostok.spb.ru', 'logvinovaveraz@mail.ru', 'beznal@vostok.ru']"
140,Генериум,Торгово-производственная компания,"['Lykov@generium.ru', 'info@generium.ru', 'pr@generium.ru', 'Lykov@ibcgenerium.ru', 'Generium@Generium.ru', 'generium@generium.ru']"
141,Дженерал Моторс,Автомобильная компания,"['news@finmarket.ru', 'jane.doe@gm.com', 'ccrussia@gm.com']"
142,К+31,Медицинский центр,"['clinic@k31.ru', 'media@k31.ru']"
143,ОАО «ОХК «УРАЛХИМ»,Крупнейшая компания на рынке минеральных удобрений Европы. Компания создана в 2007-м году,"['info@uralchem.com', 'importall76@gmail.com', 'azot@uralchem.com', 'azot@azot.uralchem.com', 'info@uralchem.ru', 'domestic@uralchem.com']"
144,«Кортем-Горэлтех»,Завод взрывозащищенного оборудования. Год основания компании 1993 год,"['mail@cortem.ru', 'mail@exd.ru', 'snab@exd.ru', '5421085@mail.ru', '6986054@mail.ru']"
145,Группа компаний «СНС» (SNS) — FMCG,Российский дистрибутор товаров народного потребления. Компания основана 25 марта 1992 года,"['ekspress@sns.ru', 'info@mymoscowcity.com', 'gruppa-kompaniy-snsekspress@sns.ru', 'info@ekaterinburg.sns.ru']"
146,Aegis Group,"Мировой лидер медиакоммуникаций, рекламы и маркетинга. Структурные подразделения: Ad O’clock, AdWatch Isobar, Carat, iProspect, Isobar, Magic Touch, Posterscope, Vizeum.","['jane.doe@aegisindia.com', 'enquiries@aegislondon.co.uk', 'last@aegisglobal.com', 'mariocas@aegisdc.com', 'John@aegislogistics.com', 'enquiries@aegislondon.co.uk.Contact', 'sales@aegiselect.com']"
147,Алкогольная Сибирская группа,Один из крупнейших в мире производителей алкогольной продукции.,"['personalASG@asg.ru', 'quality@asg.ru', 'asghotline@deloitte.ru', 'personal@asg.ru', 'jane.doe@asg.ru', 'quality@ovp.ru']"
148,Издательская группа «АСТ»,основана в 1990 году и является одним из крупнейших издательств Российской Федерации,"['v.krylova@ast.ru', 'zakaz@ast.ru', 'opt@ast.ru', 'hr@ast.ru', 'a.yahina@ast.ru', 'info@eksmo.ru', 'ask@ast.ru', 'biblotdel@ast.ru', 'samizdat@ast.ru']"
149,GN Interpartners,Компания создана в 1995 году и занимается созданием и развитием международных брендов,['info@emcg.com']
150,Platinum Financial Services,Поставщик финансовых услуг,"['info@fsplatinum.com', 'awilson@platinumfsllc.com', 'enquiries@platinumfs.co.uk.Platinum', 'info@platinumfinancial.co.zm']"
151,Ligerion Group,Международная юридическая компания,"['mail@ligerion.com', 'anastasia.golovina@gmail.com', 'andrey.polevoy@gmail.com', 'capital@ligerion.com']"
152,ЗАО «Компания ИФ-Сервис»,Лидер на рынке внутренних инженерных систем. Компания основана 24 мая 1992 года,"['r.yunisov@vipservice.ru', 'nosik@if-service.ru', 'consult@if-service.ru', 'none@if-service.ru']"
153,ООО «ЭйДжиСи Индастрис»,Компания входит в интернациональную группу AGС и является ведущим производителем огнеупорных материалов,"['n.tikhonova@agcarbon.com', 'officemos@agcarbon.com', 'lawyer@agcarbon.com', 'e.khomich@agcarbon.com']"
154,Mobis Parts CIS,"Один из крупнейших мировых производителей и поставщиков оригинальных запчастей, модулей и аксессуаров для автомобилей Hyundai и KIA","['kalnova@mpcis.ru', '9407432@gmail.com', 'info@mobis-russia.com', 'senthilrajkumar@gmobis.com']"
155,ООО «Аспен Хэлс»,Фармацевтическая компания,"['nataliya.nikiforova@aspenpharma.eu', 'alina.konoreva@aspenpharma.eu', 'ruinfo@aspenpharma.com', 'safety@smoothdd.com']"
156,Триколор ТВ,"Один из крупнейших российских операторов спутникового телевидения, осуществляет деятельность с 2005 года","['support@tricolor.tv', 'horeca@tricolor.ru', 'info@tricolor-mos.tv', 'horeca@tricolor.tv', 'info@tricolortv-pay.ru', 'zakaz@tricolor-mos.ru']"
157,L`Occitane en Provence,SPA-салон,"['Daria.Burdina@sobeautiful.ru', 'Janna.Izvekova@sobeautiful.ru', 'jane.doe@loccitane.com', 'john@loccitane.com', 'jdoe@loccitane.com']"
158,L`Occitane en Provence,сеть бутиков косметики,"['Daria.Burdina@sobeautiful.ru', 'Janna.Izvekova@sobeautiful.ru', 'jane.doe@loccitane.com', 'john@loccitane.com', 'jdoe@loccitane.com']"
159,Swatch,сеть салонов часов,"['jane.doe@swatchgroup.com', 'customerservice@swatch.com', 'connect@swatch.sg', 'connect@swatch.us', 'swatchonline@tregergroup.co.za.Formulaire', 'connect@swatch.co.uk.Swatch']"
160,TUI,сеть туристических компаний,"['tui@airlineluggageclaims.com', 'CabinCrewCareers@tuifly.com', 'jane.doe@tui.com', 'info@tui.com', 'careers@tui.be', 'hr@tuicruises.com', 'nhsadmin@tui.co.uk.Contact', 'recruiting@tui.com']"
161,Ваби Саби,сеть японских кафе,"['info@vabisabi.ru', 'info@mymoscowcity.com', 'pecherina127@gmail.com']"
162,КРЕДИТ ЕВРОПА БАНК,,"['retail.marketing@crediteurope.ru', 'pressoffice@crediteurope.ru', 'customer_care@crediteurope.ru', 'fi@crediteurope.ru']"
163,Республика,сеть книжно-канцелярских магазинов,"['uop.mb@sberbank.ru', 'store@respublica-pro.ru', 'post@sprt.ru']"
164,Apple-service,сервисный центр,['product-security@apple.com']
165,Da Vinci Capital,инвестиционный фонд,"['jane.doe@dvcap.com', 'info@dvcap.com']"
166,Fleur Delice,салон цветов,"['fleurdelice@list.ru', 'Tkani-mira@mail.ru', 'info@elloi.ru']"
167,Mary Chocolatier,бутик сладостей,"['inquiries@maryqa.com', 'export@mary.be']"
168,PAUL,сеть французских кафе-пекарен,"['press_paul@paul.senate.gov', 'paul@gmail.com']"
169,Starbucks,сеть кофеен,"['jdoe@starbucks.com', 'USxxxxxxx@starbucks.com', 'investorrelations@starbucks.com.Contact', 'info@starbucks.com', 'JSmith@starbucks.com']"
170,Vip Букет,сеть флористических салонов,"['info@megacvet24.ru', 'kupit.tsvety@yandex.ru', 'zakaz@buketik66.ru', 'msk@venusinfleurs.ru', 'vip.cvetochka@bk.ru']"
171,Винарио,винный бутик,"['info@vinario.legal', 'MKINOYAN@MAI.RU', 'info.codigovinario@gmail.com', 'akbars.trans@gmail.com', 'info@vinariozgz.com']"
172,Культ сигар,магазин сигар,"['corp@zoon.ru', 'order@cigar-cult.ru', 'NFT@CIGAR-CULT.RU']"
173,Платежный терминал,Московский банк Сбербанка России,['sale@avtomaty.ru']
174,Платежный терминал,ОАО,['sale@avtomaty.ru']
175,Почтовое отделение №123317,,"['dgkb9@zdrav.mos.ru', '9644411@mail.ru']"
176,Связной,сеть салонов связи,"['reception@svyaznoy.ru', 'dekirichenko@svyaznoy.ru', 'info@svyaznoybank.ru']"
177,Askona,торговый дом,"['client@askona.ru', 'info@askona-home.ru', 'sale@askona.ru', 'press@askona.ru', 'welcome@askona.ru']"
178,Baldinini,сеть салонов обуви,"['msarti@baldinini.it', 'shopping@baldinini.it', 'jdoe@baldinini.it']"
179,Ballin,сеть бутиков обуви,"['jane.doe@ballin.com', 'general@ballin.com', 'doe_jane@ballin.co', 'coaching@ballinout.co.uk']"
180,BGN,сеть магазинов женской одежды,"['absence@bgn.oxon.sch.uk', 'lettings@bgn.oxon.sch.uk', 'office.4600@bgn.oxon.sch.uk', 'records@bgp.com.np', 'jpeleg@bgu.ac.il', 'BGN-RecordsOfficeGroupMailbox@mod.gov.uk', 'beitrag@bgn.de', 'head.4600@bgn.oxon.sch.uk']"
181,Bork,сеть фирменных салонов,"['jane.doe@bork.ru', 'info@bork.ru', 'resume@bork.com']"
182,Bubbleology,сеть коктейль-баров,"['John@bubbleology.co.uk', 'CONTACTUS@AIMIAFOODS.COM', 'info@bubbleologyshow.com', 'customerservice@bubbleology.co.uk']"
183,Cacharel,сеть магазинов мужской одежды,['internetboutique@boscooutlet.ru']
184,Calzedonia,сеть магазинов колготок и купальников,"['hello@calzedoniagroup.com', 'hello@calzedonia.com']"
185,Chicco,магазин детских товаров,"['marketing.ru@artsana.com.Contact', 'tavustm@gmail.com', 'minsk@oltri.ru', 'customers.ru@artsana.com']"
186,Dim,сеть магазинов,"['cdk-dmitry@mail.ru.ContactDim', 'res_centr@dim-spo.ru', 'dim.larin@gmail.com', 'wantbrand@getbrand.ru', 'info@dim.gov.az', 'grand.dim.zalupa@gmail.com']"
187,Diva,сеть салонов бижутерии,"['iab-diva@mail.ru', 'jane.doe@diva-e.com', 'divahotel40@gmail.comEmail', 'stom@divadent.ru', 'info@diva-sport.ru', 'info@divamed.ru']"
188,Elmonte,сеть салонов обуви,"['John@helloelmonte.com', 'roadsidegroup@elmonterv.comelmonterv.comEl']"
189,Enter,сеть магазинов,[]
190,Expert Professional,сеть магазинов профессиональной косметики,"['news@gc-expert.pro', 'zakaz@mirfilter.ru', 'expert-russia@mail.ru']"
191,Fabi,сеть салонов обуви,"['fabi.ukraine@gmail.com', 'info@fabiboutique.com']"
192,FASHIONFILE,магазин женской одежды,"['AppFeedback@fashionphile.com', 'sarah@fashionphile.com.Contact', 'jane.doe@fashionphile.com', 'info@fashionphile.com']"
193,French Kiss,сеть шоколадных бутиков,[]
194,Gipfel,сеть магазинов посуды,"['info@gipfel.net', 'info@gipfel.ru']"
195,H & M,сеть магазинов одежды,"['janed@hmgroup.com', 'JSmith@hm.com', 'mediarelations@hm.com', 'jane.doe@hm.com', 'customerservice.ru@hm.com', 'John.Smith@hm.com', 'pr@cosstores.com.Email', 'customerservice.uk@hm.com']"
196,Henderson,сеть магазинов мужской одежды,"['jane.doe@henderson-group.com', 'info@hsu.edu']"
197,Incanto,сеть магазинов женского нижнего белья,"['privacy@incanto.eu', 'mail@damskoe.ru', 'info@incanto.eu']"
198,Kanzler,сеть магазинов мужской одежды,['adv@kanzler-style.ru']
199,L`Occitane en Provence,сеть бутиков косметики,"['Daria.Burdina@sobeautiful.ru', 'Janna.Izvekova@sobeautiful.ru', 'jane.doe@loccitane.com', 'john@loccitane.com', 'jdoe@loccitane.com']"
200,La Senza,сеть магазинов нижнего белья,"['CustomerCare@LaSenza.com.Contact', 'custserv@1utama.com.my', 'jdoe@lasenza.com']"
201,Lady & Gentleman City,сеть магазинов одежды,[]
202,Apl5,интернет-магазин электроники,"['zakaz@kssmarket.ru', 'italy@texim-europe.com']"
203,Buzzcraft,рекламное агентство,"['corp@zoon.ru', 'emailbuzzcraft@9958258.ru', 'sales@buzzcraft.ru', 'order@buzzcraft.ru', '9958258buzzcraft@9958258.ru', 'JSmith@buzzcraft.com', 'info@buzzcraftmedia.com']"
204,Forex4you,дилинговый центр,['info@forex4you.com']
205,ForexInn,брокерская компания,"['ochuvaykina@forexinn.ru', 'sales@globalmediaportal.ru', 'nsk@forexinn.ru']"
206,Golden Hills-КапиталЪ АМ,инвестиционная компания,"['sales@globalmediaportal.ru', 'info@moscow-city.online']"
207,Loyal Logistics,транспортная компания,['info@loyallogistics.com.np']
208,Tez tour,туристическая компания,"['info@travel-butik.ru', 'info@tez-tour.com', 'office@teztour.at', 'tourberri@gmail.com', 'contract@teztour.kz', 'i.marchuk@teztour.kz', 'office@tez-travel.com', 'icc@sharm.tez-tour.com']"
209,Yamaguchi,салон массажного оборудования,"['info@yamaguchi.ru', 'ga142@yamaguchi-u.ac.jp']"
210,Амероп,группа компаний,['pna@amerop.ru']
211,Банк ВТБ,,"['OVR@vtb.ru', 'corp@vtb.ru', 'info@vtb.ru', 'vorlov@sam.vtb24.ru']"
212,Банк ВТБ 24,,"['OVR@vtb.ru', 'corp@vtb.ru', 'info@vtb.ru', '1233@vtb24.ru']"
213,ВТБ Капитал,инвестиционная компания,"['support_corracc@vtb.ru', 'corp@vtb.ru', 'postmaster@vtbeurope.com']"
214,ВТБ Страхование,страховая компания,"['info@VTBins.ru', '1233@vtb.ru', 'info@vtbins.ru']"
215,ИксСофт,IT-компания,"['info@sisols.ru', 'info@xsoft.org', 'info@iispro.ru']"
216,КБ Интеркапитал-Банк,Московский филиал,['ibn@intercapital.ru']
217,Манули стретч,производственно-торговая компания,"['customercare@manupackaging.com', 'jaroslaw.kuder@manuliekobal.pl', 'ABC@Packing.NameManuli', 'ABC@Packing.NameMANUPACKAGING', 'i@gmail.com', 'administration@manupackaging.com']"
218,Парадигма,юридическая компания,"['sm-paradigma@yandex.ru', 'paradigma.nv@gmail.com', 'secretar@greatbook.ru']"
219,Трактат,бюро переводов,"['info@redox.ru', 'teatr.sreda21@gmail.com', 'admin@idpluton.ru']"
220,Эйджекк,кадровое агентство,['agekke@agekke.ru']
221,1Gb,IT-компания,"['onlysites@1gb.ru', 'peter@1gb.ru', 'support@1gb.ru']"
222,3Dart,торговая компания,"['kontakt@3dart.hr', 'ESSCDTT.3DART@GMAIL.COM', 'info@pompidou-studio.art', 'DicksonFacebookESSCDTT.3DART@GMAIL.COM', 'JAMESSCOTT.3DART@GMAIL.COM']"
223,AForex,брокерская компания,"['client@alfa.forex', 'ukinfo@forex.com', 'support@alfa.forex']"
224,All Offshores,консалтинговая компания,"['John.Smith@offshorecompanycorp.com', 'jane.doe@bwoffshore.com', 'jane@oeml.ae', 'John.Smith@shore.com']"
225,BNK,торгово-производственная компания,"['info@bnk.by', 'info@bnk.com.au', 'mail@alfabank.ru', 'info@mtsbank.ru', 'info@bnk-group.com']"
226,Body forming,фитнес-клуб,[]
227,Orient partners,юридическая компания,"['orient.retail@alfuttaim.com', 'doe@optcl.net', 'contact@aocpartners.com']"
228,МОСОБЛБАНК,,"['info@mosoblbank.ru', 'ibank@mosoblbank.ru']"
229,Навикон Групп,IT-компания,['info@navicon-ltd.ru']
230,Фабрика мобильного контента,IT-компания,"['Goznak@goznak.ru', 'pr@elis.ru', 'info@frtt.ru', 'sale@fabrika-karkasov.ru', 'VOLGUNTSEVA@ROSCONTENT.RU', 'myp_gorenergo@mail.ru']"
231,ALTlingvo,бюро переводов,"['colizeum.shabolovka@gmail.com.Page', 'hello@altlingvo.ru', 'sportgazongroup@gmail.com', '100perevodov@gmail.com', 'elena.gordeenkova@gmail.com', 'email@my.com', '...arbitration.mtpp@gmail.com', 'grenka705@yandex.ru']"
232,ВАНКБ,Всемирная академия наук комплексной безопасности,"['info@rubicon.ru', 'sales@globalmediaportal.ru']"
233,Евробизнес,торговая компания,['9787675@gmail.com']
234,Международная Школа Бизнеса Московской торгово-промышленной палаты,,"['tpprf@tpprf.ru', 'info@mba-pratice.ru', 'info@mba-practice.ru', 'tpprf@iimba.ru']"
235,Платежный терминал,ОАО,['sale@avtomaty.ru']
236,СКАЙЛЭНД,туристическая компания,"['skyland.ukraine@gmail.com', 'marketing@example.ru', 'info@rmesto.ru', 'tur@skyland.su', 'garant@skylandshop.ru', 'fit@skyland.travel', 'zakaz@skyland.travel', 'info@skylandshop.ru', 'sales@example.ru', 'y.kolgina@skyland.su', 'skylandspb@list.ru', 'info@example.ru']"
237,Университет комплексных систем безопасности и инженерного обеспечения,,"['fenix@hs.ru', 'ksb@uksb.ru', 'dkb@dvfu.ru', 'mirea@mirea.ru']"
238,Школа танцев Дарьи Сагаловой,,"['corp@zoon.ru', 'info@rating.msk.ru', '5501171@gmail.com']"
239,Blaсkwood,агентство недвижимости,"['last@blackwoodcapital.com', 'paul.gray@theblackwoodgc.com', 'contactholmember@parliament.uk', 'blackwoodmsk@mail.ru.EmailBlackwood', 'cst@blackwoodgroup.org.uk']"
240,Elos Club,сеть центров элос-процедур,"['apparat.med@yandex.ru', 'radastudiomoscow@gmail.com', 'krasota@mkcgalateya.ru', 'elosclub@gmail.com.Elos', 'mail@elosclub.ru', 'straus.salon@gmail.com', 'elosclub@gmail.com', 'in@beautime.ru']"
241,Munich Re Group,Мюнхенское Перестраховочное Общество,"['shareholder@munichre.com', 'quotesie@munichre.com', 'uklife@munichre.com', 'mranise@munichre.com', 'JSmith@munichre.com', 'jdoe@munichre.com', 'doe@munichre.com']"
242,Sollers,торгово-производственная компания,"['resume-uaz@sollers-auto.com', 'ABulatov@fcirkutsk.ru', 'razvitie@sollers-auto.com', 'info@sollers-auto.com', 'NTeterin@mercedes-irk.ru']"
243,World Class,сеть центров фитнеса,"['info@worldclass-kgd.ru', 'hr@wclass.ru', 'jane@theworldclass.qa']"
244,Битца-Инвест,финансовая компания,"['investment@banki.ru', 'info@bitza.ru']"
245,КБ ЛОКО-Банк,филиал в г. Москве,"['pr@lockobank.ru', 'info@lockobank.ru', 'EGorozhanina@lockobank.ru']"
246,Райффайзенбанк,,"['PrivateBanking@raiffeisen.ru', 'Private_Line@raiffeisen.ru', 'info_company@raiffeisen.ru', 'info@raiffeisen.ru']"
247,Фабрикант.ру,межотраслевая торговая система,"['pr@fabrikant.ru', 'auditors@etpz.ru', 'auditors@fabrikant.ru', 'info@fabrikant.ru', 'info@etpz.ru']"
248,B2 travel,яхтенная школа,['sales@b2travelgroup.com']
249,BRF,торговая компания,"['leticia.vaccaro@brf.com', 'jane.doe@brf-br.com', 'marketingandcommunications@brf.org.uk', 'YOURID@brf.com.FAQ', 'enquiries@brf.org.uk']"
250,Coffeeport,экспресс-кофейня,"['help@coffeeport.ru', 'contactshelp@coffeeport.ru']"
251,EASTWARD Capital,инвестиционная компания,['contacts@eastwardcp.com']
252,Lingvo-room,бюро переводов,"['hr@newlinetechnologies.net', 'lingvo.studio@gmail.com']"
253,Lowell Finance,агентство зарубежной недвижимости,"['last@lowell.co.uk', 'dpo@lowellgroup.co.uk', 'post@lowellgroup.co.uk', 'post@lowellgroup.co.uk.The', 'customerservice.fi@lowell.com']"
254,N trans,транспортная компания,"['info@ntransgroup.ru', 'office@n-trans.kz', 'n.translab@gmail.com', 'contragentsbuh@n-trans.su', 'buh@n-trans.su', 'operations@ntranslogistics.com']"
255,Terra dell Uomo,салон красоты и SPA,"['dellaterraedelluomo@gmail.com', 'proloco@terradelsole.org', 'salon@terradelluomo.ru', 'proloco.terradelsole@pec.terradelsole', 'prenotazioni@visitmnu.it']"
256,Адвокатский кабинет Ступичева Е.Б.,,"['corp@zoon.ru', 'evgueni_stupichev@mail.ru', 'advocat.bocharov@gmail.com', 'emaslev@gmail.com']"
257,ВетПро,сеть ветеринарных центров,"['ella.rankin@vetprorecruitment.co.uk', 'info@vetpro.co.uk', 'vetdok@list.ru', 'vetpro@bk.ru', 'info@vetprorecruitment.co.uk.Complaints']"
258,Восток,инвестиционная компания,"['info.surgut@yritz.ru', 'vostok-clock@mail.ru', 'ramenskoye@vostok.ru', 'filials@vostok.ru', 'reception@grand-vostok.ru', 'td@vostok.ru', 'magazin@vostok.ru', 'ekhorev@vostok.spb.ru', 'logvinovaveraz@mail.ru', 'beznal@vostok.ru']"
259,Генериум,торгово-производственная компания,"['Lykov@generium.ru', 'info@generium.ru', 'pr@generium.ru', 'Lykov@ibcgenerium.ru', 'Generium@Generium.ru', 'generium@generium.ru']"
260,Дженерал Моторс,автомобильная компания,"['news@finmarket.ru', 'jane.doe@gm.com', 'ccrussia@gm.com']"
261,Идеальная Ипотека,,"['support@cian.ru', 'news@kgd.ru']"
262,К+31,медицинский центр,"['clinic@k31.ru', 'media@k31.ru']"
263,КБ АРЕСБАНК,,"['back@aresbank.ru', 'info@tula.aresbank.ru', 'secretar@tula.aresbank.ru', 'info@nfa.ru', 'aresbank@phnet.ru', 'info@aresbank.ru']"
264,ACT,издательство,"['info@act.org.nz', 'ACT-Cares@act.org', 'MyACT@act.org.Parent']"
265,Coffee Bean,сеть кофеен,"['info@coffeebean.com', 'customercare@coffeebean.com.sg', 'info@coffeebeanbarbados.com', 'jdoe@coffeebean.com', 'sales@coffeebeanshop.co.uk']"
266,Digital Grass,инжиниринговая компания,"['nfo@digigrass.com', 'info@moscow-city.online', 'info@grasstech.ie']"
267,MMCIS,брокерская компания,['vinnitsa.info.2@gmail.com']
268,ИФ-Сервис,инжиниринговая компания,"['aspetrov111@gmail.com', 'nosik@if-service.ru', 'consult@if-service.ru', 'none@if-service.ru']"
269,Смотровая площадка в Москва-Сити,,"['info@moscow-city-market.ru', 'evprobox@gmail.com']"
270,СНС,группа компаний,[]
271,AdWatch,рекламное агентство,['contact@adwatchmedia.com']
272,Aegis Media,рекламное агентство,"['henry.tajer@dentsuaegis.com', 'jeremy.miller@dentsu.com', 'press@dentsuaegis.com', 'donna.wiederkehr@dentsu.com']"
273,Carat Russ`Media,рекламное агентство,"['Media.pressoffice@dentsu.com', 'caratglobalcommunications@carat.com', 'globalnb@carat.com']"
274,DC Project,дизайн-бюро,"['projectempowerment@dc.gov', 'info@whistleblower.org', 'partnerships@thehubproject.org']"
275,iProspect,рекламное агентство,"['hello@iprospect.com', 'JSmith@iprospect.Contact', 'Media.pressoffice@dentsu.com', 'John.Smith@iprospect.de', 'nowyklient@dentsu.com', 'media.china@iprospect.com', 'Laurien.Lee@iprospect.com', 'jane.doe@iprospect.com', 'John.Smith@iprospect.com']"
276,Mobis Parts,торгово-производственная компания,"['g.yachmeneva@gmodis.com', 'jane@mobis.co', 'd_jane@mobis.co.kr', 'janedoe@mobis.co', 'doe@mobis.co']"
277,Posterscope,рекламное агентство,"['jdoe@posterscope.com', 'info@posterscope.ru', 'jane.doe@posterscope.com', 'cormackeating@ccpc.ie']"
278,Sales American Store,интернет-магазин,[]
279,VGP Legal,юридическая компания,"['markus.gollob@vgpparks.eu', 'petra.vanclova@vgpparks.eu', 'mail@vgpl.ru']"
280,Vizeum,рекламное агентство,"['jane.doe@vizeum.co.uk', 'jane.doe@vizeum.com', 'Maxine.hands@vizeum.com', 'info.dubai@vizeum.com', 'Joanna.gorczak@vizeum.com']"
281,Астрель,торгово-производственная компания,"['i.kopylova@astrel.spb.ru', 'opt@ast.ru', 'hr@ast.ru', 'varx@astrel.spb.ru', 'ask@ast.ru', 'rg@astrel.spb.ru', 'twist.astrel@gmail.com', 'magichat.astrel@gmail.com', 'biblotdel@ast.ru', 'samizdat@ast.ru']"
282,Инвестиции-Недвижимость,инвестиционная компания,"['chernenko1003@yandex.ru', 'realty10rus@mail.ru']"
283,МосИнтегро,IT-компания,"['corp@zoon.ru', 'permbaruesgjyqesor@gmail.com', 'mosintegro.rumanager@mosintegro.ru', 'manager@mosintegro.ru', 'info@service-magic.ru']"
284,Один плюс один,рекламное агентство,[]
285,РБ Инвест,инвестиционная компания,"['mail@investinbelarus.by', 'superpak_invest@tut.by']"
286,Русская лизинговая компания,,"['plk@plktv.ru', 'leasing@volga.bank-open.ru', 'element77@ulh.ru', 'post@ruslc.ru', 'yaroslavl@deltaleasing.ru', 'prom-konsalting@rambler.ru']"
287,Семейные адвокаты и юристы,юридическая компания,"['info@inconsalt.ru', 'info@jurexpertcenter.ru', 'sheriev.kam@gmail.com']"
288,Строй-Капитал,строительная компания,"['7049321@gmail.com', 'skapital-tmn@mail.ru', 'sk-beton72@mail.ru', 'igor9744684@yandex.ru', 'stroycap.125@stroycap.com', '7788730@gmail.com', '9347777@gmail.com', 'zakaz-beton72@mail.ru', 'stroycap.511@stroycap.com']"
289,Amgen,торгово-производственная компания,"['amgen@careers.pure.cloud', 'pmcfadde@amgen.com', 'medinfo@amgen.com', 'HCCDonations@amgen.com', 'HCCIME@amgen.com', '.Duggar@va.gov', 'amgen@careers.pure.cloud.Contact', 'JSmith@amgen.com', 'jdoe@amgen.com']"
290,Ayona,инвестиционная компания,"['region@aksayland.ru', 'adminsov@rostov-gorod.ru', 'tukay.ispolkom@tatar.ru', 'infokt@rostov-gorod.ru', 'aksayarea@donland.ru', 'adm@oktregion.ru']"
291,BLT Service,агентство праздника и туризма,"['blt@blt.it', 'jane@bltconstruction.com', 'info@blt-gr.kz', 'customerservices@bltdirect.com', 'info@bltservices.net']"
292,Bluestone,агентство недвижимости и юридических услуг,"['support@bluestone-lane.zendesk.com', 'info@bluestonecm.co.uk', 'companieshouse@bluestonecm.co.uk', 'jane.doe@bluestone.com', 'info@bluestone-group.com', 'accounting@bluestone-group.comContactBluestone']"
293,Calzedonia,сеть магазинов колготок и купальников,"['hello@calzedoniagroup.com', 'hello@calzedonia.com']"
294,Diageo,торговая компания,"['New_accounts_sa@diageo.com', 'Corpcomm.india@diageo.com', 'diageo@dstoutput.co.uk', 'jane.doe@diageo.com', 'Chris.Gotziaman@Diageo.com', 'Customercare.india@diageo.com', 'Supreet.Hassler@diageo.com', 'John.Smith@diageo.com', 'Rigs_sa@diageo.com', 'Orders_sa@diageo.com']"
295,Dunkin`Donuts,сеть кофеен,"['customerservice@dunkinbrands.com', 'customerservice@dunkinbrands.comContact', 'last@dunkinbrands.com']"
296,Focal,торговая компания,"['Trefilov.rn@gmail.com', 'jdoe@focal.com', 'info@hi-end.ru', 'webmaster@focal.ch']"
297,Grand Cru,сеть винотек,"['contact@totalgrandcru.com', 'jane.doe@grandcru.com.br', 'grandcru.store@gmail.com', 'n.cloutet@grandcru.com', 'reservations@grandcrubar.co.uk']"
298,Krispy Kreme,пончиковая,"['krispykreme@casupport.com', 'hr@ac-hesed.com', 'jdoe@krispykreme.com', 'customercare@krispykreme.co.uk', 'JSmith@krispykreme.com']"
299,Mail Boxes Etc,сеть центров бизнес-услуг,"['mberu0146@mberussia.com', 'mbebrussels@mbebelgium.be', 'info@mbe.kg']"
300,QB Finance,инвестиционная компания,['last@quarterbackfg.com']
301,TNT Express,международная служба экспресс-доставки,[]
302,World Class,сеть центров фитнеса,"['info@worldclass-kgd.ru', 'hr@wclass.ru', 'jane@theworldclass.qa']"
303,Банк Финансовая Корпорация Открытие,,"['info@ofc.ru', 'admin_etp@open.ru', 'info@open.ru']"
304,Инфинити Групп,консалтинговая компания,"['info@infinity-group.ru', 'info@infiniti48.ru', 'infinity@offshore4you.com', 'office@gcinfinity.ru']"
305,КапиталГруп,инвестиционно-строительный холдинг,"['dc1@e-disclosure.ru', 'dioniscapitalgroup@gmail.com', 'kapital0710@yandex.ru']"
306,КБ МЕЖРЕГИОНАЛЬНЫЙ ПОЧТОВЫЙ БАНК,,"['mpbank@mpbank.ru', 'Romashenko@banki.ru', '02200613@mail.ru', 'info@mpbank.ru']"
307,КБ Спецсетьстройбанк,,['disclosure@1prime.ru']
308,Колледж,,"['e.a.simakova@ruc.su', 'GromovaNV4@edu.mos', 'spo.volgmed@yandex.ru', 'tehkolledg@rgau-msha.ru', 'bannikov@mirea.ru', 'aunovikova@msal.ru']"
309,Матрешка Медиа,рекламное агентство,"['corp@zoon.ru', 'welcome@matryoshkadesign.com', 'info@matreshka-online.ru', 'info@matryoshka-rest.ru', 'hello@palmafest.ru']"
310,МФЮА,Московский Финансово-Юридический Университет,"['kaliningrad@mfua.ru', 'Shibalko.T@mfua.ru', 'odnookno@mfua.ru', 'ido@mfua.ru', 'Yaroslavl@mfua.ru', 'Volgograd@mfua.ru']"
311,Портал Групп,строительная компания,"['info@portal.group', 'zakaz@td-retail.ru', 'universalsystem2014@gmail.com', 'portal@portalgroup.ru']"
312,Ру-Энерджи Групп,торгово-производственная компания,"['pr@ru-energy.com', 'zakaz@generator-energy.ru', 'advokatcom@mail.ru', 'didenko.energy.group@gmail.com']"
313,Тройка Лизинг,лизинговая компания,"['olgagrekrabota@rambler.ru', 'info@troika-leasing.ru', 'mikhail.koshkin@trust.ru']"
314,Videostep Production,видеостудия,['studio@video-step.ru']
315,ИКБ Совкомбанк,,"['info@sovcombank.ru', '8080@1prime.ru', 'disclosure@1prime.ru']"
316,Эксповестранс,транспортная компания,['ewt@ewt.ru']
317,Artistbooking,концертно-творческое агентство,[]
318,АКБ ПЕРЕСВЕТ,,"['post@bank-peresvet.ru', 'bk@bank-peresvet.ru', 'ukb@bank-peresvet.ru']"
319,Проспект,инвестиционная компания,"['gazprom@gazprom.ru', 'uprava.prosp-vern@zao.mos.ru', 'webmaster@gazprom.ru', 'email@gmail.com']"
320,Русские фонды,инвестиционная группа,"['mailbox@rusfund.ru', 'erostovskaya@rusfund.ru', 'info@npfvef.ru', 'Lguseva@rusfund.ru', 'erostovskaya@rambler.ru']"
321,Сириус Телеком,торговая компания,"['siriustele.rutelecomuu@gmail.com', 'info@siriustelecom.tel', 'info@sirius-data.ru', 'sales@siriustelecom.tel']"
322,СпортВенчер Москва,теннисный клуб,"['corp@zoon.ru', 'oksana@mail.ru', 'news@vedomosti.ru', 'info@sportvencher.ru', 'sportvencher@yandex.ru', '2127839@mail.ru']"
323,Школа тенниса Вадима Русланова,,"['corp@zoon.ru', 'vadrus@nm.ru', 'pochta200852@mail.ru', 'showkontFayur.soyuz@gmail.com']"
324,Экспоцентр,центральный выставочный комплекс,"['world@expocentr.ru', 'centr@expocentr.ru', 'expo-adv@expocentr.ru']"
